first_name,last_name,pronouns,email
Katie, Kennedy, she/hers, KKennedyCodes@gmail.com
Gene,Kris,he/his,laverne_lueilwitz@stroman.name
German,Schulist,she/hers,jeromy@toy.info
Wendell,Rosenbaum,they/theirs,muriel_okon@klinglarson.io
Alejandrina,Fadel,they/theirs,delmer@jakubowskibaumbach.com
Caleb,Schoen,they/theirs,erin.schoen@mayer.name
Jamey,Bogan,he/his,lazaro.lind@schowalter.biz
Gail,Bode,she/hers,daniel@denesik.name
Wan,Kilback,they/theirs,angeles@romaguera.co
Giuseppe,Schmitt,he/his,gaylord.cremin@kulaskuhn.info
Amado,Koepp,they/theirs,nathanial_vandervort@kiehn.info
See,Rath,she/hers,jodie_gutkowski@walsh.com
Garret,Gottlieb,he/his,laila@purdygrimes.net
Pierre,Kuhlman,she/hers,cyndi.wintheiser@fisher.co
Maryellen,Ryan,he/his,joshua@schuster.name
Agatha,Wilderman,he/his,susannah@paucek.org
Maegan,Mertz,she/hers,willie@bergstrommcclure.co
Oliva,Huel,he/his,angelyn@bechtelarschmeler.name
Anjanette,Walsh,he/his,misti_vonrueden@moore.com
Faye,Rau,he/his,madaline@becker.co
Erinn,Raynor,he/his,denver@boyle.org
Merle,Robel,she/hers,hayden@berge.com
Suzi,O'Reilly,he/his,thi@leschtreutel.biz
Carmon,Kertzmann,they/theirs,loria_terry@murray.info
Adah,Price,they/theirs,shaquita.keeling@pacochapollich.org
Bradford,Connelly,he/his,pia_murray@simonis.org
Leisa,Parisian,he/his,caaundra@smithamolson.name
Lizzie,Pfeffer,he/his,gayle@daniel.name
Ludie,Little,she/hers,adelaida.adams@weber.biz
Leann,VonRueden,she/hers,melvin_hilpert@oberbrunnerratke.name
Waylon,Flatley,they/theirs,ernesto_dibbert@stanton.io
Grady,Paucek,they/theirs,vita.pollich@auerkrajcik.com
Sylvester,McKenzie,she/hers,junior@jakubowski.io
Gerald,Kling,they/theirs,tamesha@sipes.com
Donnie,Bernhard,they/theirs,aldo.parisian@osinskikoelpin.org
Mimi,Williamson,she/hers,barry@schroederbailey.biz
Mckinley,Kemmer,they/theirs,german@jaskolski.net
Cary,O'Kon,they/theirs,darnell@jacobsmitchell.com
Gary,Windler,he/his,stephan_legros@homenickgibson.com
Bee,Torphy,they/theirs,cristie@brekke.io
Ralph,Reilly,they/theirs,norberto@murazik.co
Barney,Emard,he/his,jewell@larkinschowalter.org
Marc,Boyle,he/his,jewel@sawaynschultz.org
Ching,DuBuque,he/his,landon@green.biz
Sam,Zieme,he/his,sean@collier.org
Lovie,Nicolas,she/hers,frank@graham.net
Anisha,O'Reilly,they/theirs,caondra.walker@heelthompson.co
Granville,Prohaska,they/theirs,karl@rowe.biz
Leann,Jakubowski,they/theirs,efrain_walsh@hilll.net
Refugia,Ebert,he/his,delicia.stokes@hermanhamill.info
Rodney,Rutherford,they/theirs,val@runolfonjacobi.io
